{"uid":"-MdMqBN2JMrBh3QHabjN","message":"","createdAt":"2021-06-29T13:10:49.064Z","createdBy":"P2vMdKk8gAO82dLZAScu6xkf7Wq1","parents":["-MdMmzeyO_fpGiKUoTNv"],"versions":{"master":{"ref":"master","title":"1.0.0","page":{"uid":"-MdGvW42Q6UfH4-UsxAE","title":"Categories","kind":"document","description":"","path":"master","href":null,"documentURL":"https://firebasestorage.googleapis.com/v0/b/gitbook-28427.appspot.com/o/documents%2F-MdGvFHmKlZj8T-6N1BI%2F-MdHNJ5DxDzBaW2O-wSI%2Fmaster%2F-MdGvW42Q6UfH4-UsxAE%2Fdocument.json?alt=media&token=fa74972a-6bf4-40de-b266-549dddf32212","createdAt":"2021-06-28T09:23:14.371Z","pages":[{"uid":"-MdHgJ5GySzPoMpTZOu5","title":"About Hexa Bot","kind":"document","description":"","path":"about","href":null,"documentURL":"https://firebasestorage.googleapis.com/v0/b/gitbook-28427.appspot.com/o/documents%2Fhexa-bot%2F-MdHNJ5DxDzBaW2O-wSI%2Fmaster%2F-MdHgJUuqnzitQVjeTEP%2Fdocument.json?generation=1624884987961572&alt=media","createdAt":"2021-06-28T12:56:26.257Z","pages":[],"github":null,"isPathUntouched":false,"stats":{"words":0,"images":0,"codeLines":0,"revisions":0},"edits":{"contributions":{}}},{"uid":"-MdH9WADWmRbpsehxnxW","title":"Changelog","kind":"document","description":"","path":"changelog","href":null,"documentURL":null,"createdAt":"2021-06-28T10:28:46.926Z","pages":[{"uid":"-MdHg1LATSnOfJX5xsjc","title":"index","kind":"document","description":"","path":"untitled","href":null,"documentURL":"https://firebasestorage.googleapis.com/v0/b/gitbook-28427.appspot.com/o/documents%2Fhexa-bot%2F-MdHNJ5DxDzBaW2O-wSI%2Fmaster%2F-MdHg1hhu-8lv8NWDvbB%2Fdocument.json?generation=1624884915110205&alt=media","createdAt":"2021-06-28T12:55:13.547Z","pages":[],"github":null,"isPathUntouched":false,"stats":{"words":0,"images":0,"codeLines":0,"revisions":0},"edits":{"contributions":{}}}],"github":null,"isPathUntouched":false,"stats":{"words":0,"images":0,"codeLines":0,"revisions":0},"edits":{"contributions":{}}},{"uid":"-MdH-10sdufEtPNZkCGz","title":"Fun Commands","kind":"group","description":"","path":"fun-commands","href":null,"documentURL":null,"createdAt":"2021-06-28T09:42:57.912Z","pages":[{"uid":"-MdI0lFxIkFfFptlqZfn","title":"About the Fun Module","kind":"document","description":"","path":"about-the-fun-module","href":null,"documentURL":"https://firebasestorage.googleapis.com/v0/b/gitbook-28427.appspot.com/o/documents%2F-MdGvFHmKlZj8T-6N1BI%2F-MdMJFBMSgPsMopR3zpV%2Fmaster%2F-MdI0lFxIkFfFptlqZfn%2Fdocument.json?alt=media&token=9e7163ee-ed84-41be-8a38-4cd615d351ba","createdAt":"2021-06-28T14:30:10.749Z","pages":[],"github":null,"isPathUntouched":false,"stats":{"words":28,"images":0,"codeLines":0,"revisions":0},"edits":{"contributions":{"P2vMdKk8gAO82dLZAScu6xkf7Wq1":{"createdAt":"2021-06-28T14:36:12.923Z","updatedAt":"2021-06-29T12:43:40.124Z","count":2}}}},{"uid":"-MdH-10tqCYHsI0cJ8T1","title":"H-ascii","kind":"document","description":"This command turns your provided message into a arge ASCII message.","path":"h-ascii","href":null,"documentURL":"https://firebasestorage.googleapis.com/v0/b/gitbook-28427.appspot.com/o/documents%2F-MdGvFHmKlZj8T-6N1BI%2F-MdLiqMzHrfWc_MxcxYQ%2Fmaster%2F-MdH-10tqCYHsI0cJ8T1%2Fdocument.json?alt=media&token=77227c6f-303c-469c-91df-3f8e8e88a2a9","createdAt":"2021-06-28T09:42:57.913Z","pages":[],"github":null,"isPathUntouched":false,"stats":{"words":16,"images":1,"codeLines":0,"revisions":0},"edits":{"contributions":{"P2vMdKk8gAO82dLZAScu6xkf7Wq1":{"createdAt":"2021-06-28T09:45:49.171Z","updatedAt":"2021-06-29T08:36:29.331Z","count":2}}}},{"uid":"-MdH14vicUVq83VAbEGV","title":"H-chat","kind":"document","description":"Manually chat with a chatbot.","path":"h-chat","href":null,"documentURL":"https://firebasestorage.googleapis.com/v0/b/gitbook-28427.appspot.com/o/documents%2F-MdGvFHmKlZj8T-6N1BI%2F-MdH-mS1zEHamUGdYhQH%2Fmaster%2F-MdH14vicUVq83VAbEGV%2Fdocument.json?alt=media&token=b396742e-797b-498e-9b63-354c08e37d31","createdAt":"2021-06-28T09:51:58.190Z","pages":[],"github":null,"isPathUntouched":false,"stats":{"words":23,"images":1,"codeLines":0,"revisions":0},"edits":{"contributions":{"P2vMdKk8gAO82dLZAScu6xkf7Wq1":{"createdAt":"2021-06-28T09:57:32.785Z","updatedAt":"2021-06-28T09:57:32.785Z","count":1}}}},{"uid":"-MdH5-SuVLwMMdcIvaDj","title":"H-funfact","kind":"document","description":"Request the Bot to send a random fun fact","path":"h-funfact","href":null,"documentURL":"https://firebasestorage.googleapis.com/v0/b/gitbook-28427.appspot.com/o/documents%2F-MdGvFHmKlZj8T-6N1BI%2F-MdH9Z8jP3ZS01N1tJy4%2Fmaster%2F-MdH5-SuVLwMMdcIvaDj%2Fdocument.json?alt=media&token=ece88993-7eee-4253-b355-8b203a024529","createdAt":"2021-06-28T10:09:04.378Z","pages":[],"github":null,"isPathUntouched":false,"stats":{"words":0,"images":1,"codeLines":0,"revisions":0},"edits":{"contributions":{"P2vMdKk8gAO82dLZAScu6xkf7Wq1":{"createdAt":"2021-06-28T10:26:16.130Z","updatedAt":"2021-06-28T10:32:21.290Z","count":2}}}},{"uid":"-MdHAdSeKbH-eWf7dnSe","title":"H-meme","kind":"document","description":"This command returns a random meme which is retrieved from Reddit (the memes Subreddit is used).","path":"h-meme","href":null,"documentURL":"https://firebasestorage.googleapis.com/v0/b/gitbook-28427.appspot.com/o/documents%2F-MdGvFHmKlZj8T-6N1BI%2F-MdHNJ5DxDzBaW2O-wSI%2Fmaster%2F-MdHAdSeKbH-eWf7dnSe%2Fdocument.json?alt=media&token=581940e3-8daf-43b4-bc09-6ed932eb792a","createdAt":"2021-06-28T10:33:43.019Z","pages":[],"github":null,"isPathUntouched":false,"stats":{"words":21,"images":1,"codeLines":0,"revisions":0},"edits":{"contributions":{"P2vMdKk8gAO82dLZAScu6xkf7Wq1":{"createdAt":"2021-06-28T10:43:09.912Z","updatedAt":"2021-06-28T13:50:07.468Z","count":2}}}},{"uid":"-MdHD6uKSxKHgaoDxFEg","title":"H-delete","kind":"document","description":"This command will place your or the mentioned user's avatar in a delete confirmation.","path":"h-delete","href":null,"documentURL":"https://firebasestorage.googleapis.com/v0/b/gitbook-28427.appspot.com/o/documents%2F-MdGvFHmKlZj8T-6N1BI%2F-MdHCo6ivGrso1bCMemU%2Fmaster%2F-MdHD6uKSxKHgaoDxFEg%2Fdocument.json?alt=media&token=8eb5688d-b199-4211-bc29-901a6bb22e26","createdAt":"2021-06-28T10:44:32.021Z","pages":[],"github":null,"isPathUntouched":false,"stats":{"words":0,"images":1,"codeLines":0,"revisions":0},"edits":{"contributions":{"P2vMdKk8gAO82dLZAScu6xkf7Wq1":{"createdAt":"2021-06-28T11:02:36.241Z","updatedAt":"2021-06-28T11:02:36.241Z","count":1}}}},{"uid":"-MdHHQSY2pRtVc-_llkV","title":"H-drip","kind":"document","description":"This command places your or the mentioned user's avatar on a drip image.","path":"h-drip","href":null,"documentURL":"https://firebasestorage.googleapis.com/v0/b/gitbook-28427.appspot.com/o/documents%2F-MdGvFHmKlZj8T-6N1BI%2F-MdHHFvulbJ29Xw8yY06%2Fmaster%2F-MdHHQSY2pRtVc-_llkV%2Fdocument.json?alt=media&token=f0631b0f-081c-4e44-bb03-e9945d325c5d","createdAt":"2021-06-28T11:03:20.675Z","pages":[],"github":null,"isPathUntouched":false,"stats":{"words":0,"images":1,"codeLines":0,"revisions":0},"edits":{"contributions":{"P2vMdKk8gAO82dLZAScu6xkf7Wq1":{"createdAt":"2021-06-28T11:05:14.263Z","updatedAt":"2021-06-28T11:05:14.263Z","count":1}}}},{"uid":"-MdHJu0MaBsf1f9h6jNt","title":"H-higherorlower / H-hl","kind":"document","description":"This command starts a higher, lower or jackpot game.","path":"h-higherorlower-h-hl","href":null,"documentURL":"https://firebasestorage.googleapis.com/v0/b/gitbook-28427.appspot.com/o/documents%2F-MdGvFHmKlZj8T-6N1BI%2F-MdHHrW2WfqhasyYb9BZ%2Fmaster%2F-MdHJu0MaBsf1f9h6jNt%2Fdocument.json?alt=media&token=1c55a9b3-c606-4736-a279-a4b8b2c96717","createdAt":"2021-06-28T11:14:10.135Z","pages":[],"github":null,"isPathUntouched":false,"stats":{"words":36,"images":1,"codeLines":0,"revisions":0},"edits":{"contributions":{"P2vMdKk8gAO82dLZAScu6xkf7Wq1":{"createdAt":"2021-06-28T11:21:39.011Z","updatedAt":"2021-06-28T11:21:39.011Z","count":1}}}},{"uid":"-MdHLjOFNbhODx93Y2IO","title":"H-snow","kind":"document","description":"This command overlays snowflakes over your or the mentioned user's avatar.","path":"h-snow","href":null,"documentURL":"https://firebasestorage.googleapis.com/v0/b/gitbook-28427.appspot.com/o/documents%2F-MdGvFHmKlZj8T-6N1BI%2F-MdHLbyDHpCGUT1HPlON%2Fmaster%2F-MdHLjOFNbhODx93Y2IO%2Fdocument.json?alt=media&token=351e7de8-33d3-4e18-b513-46bfa3a366dc","createdAt":"2021-06-28T11:22:10.896Z","pages":[],"github":null,"isPathUntouched":false,"stats":{"words":21,"images":1,"codeLines":0,"revisions":0},"edits":{"contributions":{"P2vMdKk8gAO82dLZAScu6xkf7Wq1":{"createdAt":"2021-06-28T11:29:01.817Z","updatedAt":"2021-06-28T11:29:01.817Z","count":1}}}},{"uid":"-MdHq6KSbOUpCUE6fa8O","title":"H-trumptweet","kind":"document","description":"Similates Trump tweeting the message you provided.","path":"h-trumptweet","href":null,"documentURL":"https://firebasestorage.googleapis.com/v0/b/gitbook-28427.appspot.com/o/documents%2F-MdGvFHmKlZj8T-6N1BI%2F-MdHt2GXVmHpw_xRB2EO%2Fmaster%2F-MdHq6KSbOUpCUE6fa8O%2Fdocument.json?alt=media&token=07534973-62c6-4d1b-a6c6-eac34662e5b3","createdAt":"2021-06-28T13:39:15.421Z","pages":[],"github":null,"isPathUntouched":false,"stats":{"words":0,"images":1,"codeLines":0,"revisions":0},"edits":{"contributions":{"P2vMdKk8gAO82dLZAScu6xkf7Wq1":{"createdAt":"2021-06-28T13:50:07.527Z","updatedAt":"2021-06-28T13:56:08.047Z","count":3}}}},{"uid":"-MdI-KTony7Efwl8Ap2S","title":"H-rip","kind":"document","description":"This command places your or the mentioned user's avatar on a gravestone.","path":"h-rip","href":null,"documentURL":"https://firebasestorage.googleapis.com/v0/b/gitbook-28427.appspot.com/o/documents%2F-MdGvFHmKlZj8T-6N1BI%2F-MdHvi4qd_8_OEsR-k5z%2Fmaster%2F-MdI-KTony7Efwl8Ap2S%2Fdocument.json?alt=media&token=ac1ef715-32f3-408c-855d-f0ac1aea5a4c","createdAt":"2021-06-28T14:23:54.804Z","pages":[],"github":null,"isPathUntouched":false,"stats":{"words":0,"images":1,"codeLines":0,"revisions":0},"edits":{"contributions":{"P2vMdKk8gAO82dLZAScu6xkf7Wq1":{"createdAt":"2021-06-28T14:32:41.810Z","updatedAt":"2021-06-28T14:32:41.810Z","count":1}}}}],"github":null,"isPathUntouched":false,"stats":null,"edits":{"contributions":{}}},{"uid":"-MdI0iRpUnNUqvkDP7uz","title":"Leveling Commands","kind":"group","description":"","path":"leveling-commands","href":null,"documentURL":null,"createdAt":"2021-06-28T14:29:59.221Z","pages":[{"uid":"-MdI3Uzx7bNNL2u4VZ3D","title":"About the Leveling Module","kind":"document","description":"","path":"about-the-leveling-module","href":null,"documentURL":"https://firebasestorage.googleapis.com/v0/b/gitbook-28427.appspot.com/o/documents%2F-MdGvFHmKlZj8T-6N1BI%2F-MdI5FT_81AswJwIODYd%2Fmaster%2F-MdI3Uzx7bNNL2u4VZ3D%2Fdocument.json?alt=media&token=ebeb3a1b-6dbd-4af8-834b-fb599c543c44","createdAt":"2021-06-28T14:42:06.461Z","pages":[],"github":null,"isPathUntouched":false,"stats":{"words":113,"images":0,"codeLines":0,"revisions":0},"edits":{"contributions":{"P2vMdKk8gAO82dLZAScu6xkf7Wq1":{"createdAt":"2021-06-28T14:49:45.740Z","updatedAt":"2021-06-28T14:50:57.827Z","count":2}}}},{"uid":"-MdI0iRq6Kk6miDK0yZ4","title":"H-rank","kind":"document","description":"This command will send a rank card displaying your rank or the mentioned user's rank.","path":"untitled","href":null,"documentURL":"https://firebasestorage.googleapis.com/v0/b/gitbook-28427.appspot.com/o/documents%2F-MdGvFHmKlZj8T-6N1BI%2F-MdI6duXwfifFivKYP-V%2Fmaster%2F-MdI0iRq6Kk6miDK0yZ4%2Fdocument.json?alt=media&token=23a4c5a9-6633-4992-909f-e21f41be2fe7","createdAt":"2021-06-28T14:29:59.222Z","pages":[],"github":null,"isPathUntouched":false,"stats":{"words":0,"images":1,"codeLines":0,"revisions":0},"edits":{"contributions":{"P2vMdKk8gAO82dLZAScu6xkf7Wq1":{"createdAt":"2021-06-28T16:36:59.044Z","updatedAt":"2021-06-28T16:36:59.044Z","count":1}}}},{"uid":"-MdIN8no1rqwjrAjz9xc","title":"H-setbackdrop","kind":"document","description":"This command allows you to change the backdrop of your rank card.","path":"h-setbackdrop","href":null,"documentURL":"https://firebasestorage.googleapis.com/v0/b/gitbook-28427.appspot.com/o/documents%2F-MdGvFHmKlZj8T-6N1BI%2F-MdI6duXwfifFivKYP-V%2Fmaster%2F-MdIN8no1rqwjrAjz9xc%2Fdocument.json?alt=media&token=7a566b89-1c74-430f-8b4b-9ac9fcd57206","createdAt":"2021-06-28T16:07:58.452Z","pages":[],"github":null,"isPathUntouched":false,"stats":{"words":24,"images":3,"codeLines":0,"revisions":0},"edits":{"contributions":{"P2vMdKk8gAO82dLZAScu6xkf7Wq1":{"createdAt":"2021-06-28T16:36:59.109Z","updatedAt":"2021-06-28T16:36:59.109Z","count":1}}}},{"uid":"-MdIPcuE4BncAANXUMQO","title":"H-leaderboard / H-lb","kind":"document","description":"This command generates a leaderboard for the people with the highest ranks in your server.","path":"h-leaderboard-h-lb","href":null,"documentURL":"https://firebasestorage.googleapis.com/v0/b/gitbook-28427.appspot.com/o/documents%2F-MdGvFHmKlZj8T-6N1BI%2F-MdI6duXwfifFivKYP-V%2Fmaster%2F-MdIPcuE4BncAANXUMQO%2Fdocument.json?alt=media&token=72431fbb-1335-4056-9d59-8adcb5ab991d","createdAt":"2021-06-28T16:18:50.127Z","pages":[],"github":null,"isPathUntouched":false,"stats":{"words":0,"images":1,"codeLines":0,"revisions":0},"edits":{"contributions":{"P2vMdKk8gAO82dLZAScu6xkf7Wq1":{"createdAt":"2021-06-28T16:36:58.979Z","updatedAt":"2021-06-28T16:36:58.979Z","count":1}}}}],"github":null,"isPathUntouched":false,"stats":null,"edits":{"contributions":{}}},{"uid":"-MdIutG_6VSOy4CNEP-p","title":"Emoji Commands","kind":"group","description":"","path":"emoji-commands","href":null,"documentURL":null,"createdAt":"2021-06-28T18:39:45.765Z","pages":[{"uid":"-MdIutGaU0EH-0yaST-i","title":"H-upload / H-addemoji","kind":"document","description":"This command allows you to easily add an emoji to your server.","path":"h-upload-h-addemoji","href":null,"documentURL":"https://firebasestorage.googleapis.com/v0/b/gitbook-28427.appspot.com/o/documents%2F-MdGvFHmKlZj8T-6N1BI%2F-MdLiqMzHrfWc_MxcxYQ%2Fmaster%2F-MdIutGaU0EH-0yaST-i%2Fdocument.json?alt=media&token=bb8b6c0f-700b-4551-b173-3b3b33583f5d","createdAt":"2021-06-28T18:39:45.766Z","pages":[],"github":null,"isPathUntouched":false,"stats":{"words":55,"images":2,"codeLines":0,"revisions":0},"edits":{"contributions":{"P2vMdKk8gAO82dLZAScu6xkf7Wq1":{"createdAt":"2021-06-29T08:36:29.384Z","updatedAt":"2021-06-29T08:36:29.384Z","count":1}}}},{"uid":"-MdLt6oMGNcVMqwnFyxn","title":"H-deleteemoji","kind":"document","description":"This command allows you to delete an emoji from your server.","path":"h-deleteemoji","href":null,"documentURL":"https://firebasestorage.googleapis.com/v0/b/gitbook-28427.appspot.com/o/documents%2F-MdGvFHmKlZj8T-6N1BI%2F-MdLiqMzHrfWc_MxcxYQ%2Fmaster%2F-MdLt6oMGNcVMqwnFyxn%2Fdocument.json?alt=media&token=81eb0008-d8d9-4555-a830-c04e98cfbd4b","createdAt":"2021-06-29T08:30:52.695Z","pages":[],"github":null,"isPathUntouched":false,"stats":{"words":35,"images":2,"codeLines":0,"revisions":0},"edits":{"contributions":{"P2vMdKk8gAO82dLZAScu6xkf7Wq1":{"createdAt":"2021-06-29T08:36:29.358Z","updatedAt":"2021-06-29T08:36:29.358Z","count":1}}}},{"uid":"-MdLv4JVwFovvUYOxew1","title":"H-steal","kind":"document","description":"This command allows you to steal an emoji from any server.","path":"h-steal","href":null,"documentURL":"https://firebasestorage.googleapis.com/v0/b/gitbook-28427.appspot.com/o/documents%2F-MdGvFHmKlZj8T-6N1BI%2F-MdLyqw7jy2rFGQeMT3k%2Fmaster%2F-MdLv4JVwFovvUYOxew1%2Fdocument.json?alt=media&token=fb3320bf-7d3a-48b0-86a4-d8d1a9cb6f12","createdAt":"2021-06-29T08:39:26.752Z","pages":[],"github":null,"isPathUntouched":false,"stats":{"words":6,"images":1,"codeLines":0,"revisions":0},"edits":{"contributions":{"P2vMdKk8gAO82dLZAScu6xkf7Wq1":{"createdAt":"2021-06-29T09:15:03.608Z","updatedAt":"2021-06-29T09:15:03.608Z","count":1}}}},{"uid":"-MdLvDfK9vGLgJvdc3fv","title":"H-emoji","kind":"document","description":"This command enlarges the emoji you provided.","path":"h-emoji","href":null,"documentURL":"https://firebasestorage.googleapis.com/v0/b/gitbook-28427.appspot.com/o/documents%2F-MdGvFHmKlZj8T-6N1BI%2F-MdLvChDTUasHEfWlKy5%2Fmaster%2F-MdLvDfK9vGLgJvdc3fv%2Fdocument.json?alt=media&token=eeb689d0-dbf6-4a07-973c-d537e187bb12","createdAt":"2021-06-29T08:40:05.077Z","pages":[],"github":null,"isPathUntouched":false,"stats":{"words":0,"images":1,"codeLines":0,"revisions":0},"edits":{"contributions":{"P2vMdKk8gAO82dLZAScu6xkf7Wq1":{"createdAt":"2021-06-29T08:50:44.270Z","updatedAt":"2021-06-29T08:50:44.270Z","count":1}}}},{"uid":"-MdLyBObfFVwy_euXEmC","title":"H-randomemoji","kind":"document","description":"This command makes Hexa Bot provide a random emoji from a random server it's in.","path":"h-randomemoji","href":null,"documentURL":"https://firebasestorage.googleapis.com/v0/b/gitbook-28427.appspot.com/o/documents%2F-MdGvFHmKlZj8T-6N1BI%2F-MdLxfS_ybAfaPESUtOV%2Fmaster%2F-MdLyBObfFVwy_euXEmC%2Fdocument.json?alt=media&token=9a139cfe-592d-4f70-b36d-929966188d11","createdAt":"2021-06-29T08:53:02.183Z","pages":[],"github":null,"isPathUntouched":false,"stats":{"words":0,"images":1,"codeLines":0,"revisions":0},"edits":{"contributions":{"P2vMdKk8gAO82dLZAScu6xkf7Wq1":{"createdAt":"2021-06-29T08:55:54.410Z","updatedAt":"2021-06-29T08:55:54.410Z","count":1}}}}],"github":null,"isPathUntouched":false,"stats":null,"edits":{"contributions":{}}},{"uid":"-MdMXylX1mzQHTa8tfNU","title":"Misc Commands","kind":"group","description":"","path":"misc-commands","href":null,"documentURL":null,"createdAt":"2021-06-29T11:33:45.698Z","pages":[{"uid":"-MdMXylYeczcH5KwGNpf","title":"About the Misc Module","kind":"document","description":"","path":"about-the-misc-module","href":null,"documentURL":"https://firebasestorage.googleapis.com/v0/b/gitbook-28427.appspot.com/o/documents%2F-MdGvFHmKlZj8T-6N1BI%2F-MdMqBN2JMrBh3QHabjN%2Fmaster%2F-MdMXylYeczcH5KwGNpf%2Fdocument.json?alt=media&token=1f30dfab-5a70-4f28-9d11-5505f7e1b94e","createdAt":"2021-06-29T11:33:45.699Z","pages":[],"github":null,"isPathUntouched":false,"stats":{"words":79,"images":6,"codeLines":0,"revisions":0},"edits":{"contributions":{"P2vMdKk8gAO82dLZAScu6xkf7Wq1":{"createdAt":"2021-06-29T12:43:40.117Z","updatedAt":"2021-06-29T13:10:47.584Z","count":3}}}}],"github":null,"isPathUntouched":false,"stats":null,"edits":{"contributions":{}}}],"github":null,"isPathUntouched":false,"stats":{"words":0,"images":1,"codeLines":0,"revisions":0},"edits":{"contributions":{"P2vMdKk8gAO82dLZAScu6xkf7Wq1":{"createdAt":"2021-06-28T13:50:07.418Z","updatedAt":"2021-06-28T13:50:07.418Z","count":1}}}},"github":null,"locale":null}},"primaryVersionID":"master","assets":{"-MdH20HVlVw3aozQiRW7":{"uid":"-MdH20HVlVw3aozQiRW7","name":"Screenshot 2021-06-28 at 11.55.27.png","downloadURL":"https://firebasestorage.googleapis.com/v0/b/gitbook-28427.appspot.com/o/assets%2F-MdGvFHmKlZj8T-6N1BI%2F-MdH-mS1zEHamUGdYhQH%2F-MdH20HVlVw3aozQiRW7%2FScreenshot%202021-06-28%20at%2011.55.27.png?alt=media&token=447c20e4-5982-4ee1-9c9a-e27c301bce77","blobSize":29876,"createdAt":"2021-06-28T09:56:01.964Z","edits":{"contributions":{"P2vMdKk8gAO82dLZAScu6xkf7Wq1":{"createdAt":"2021-06-28T09:56:02.522Z","updatedAt":"2021-06-28T09:56:02.522Z","count":1}}},"github":null,"contentType":"image/png"},"-MdIMk65Gw5FkTEoAIKq":{"uid":"-MdIMk65Gw5FkTEoAIKq","name":"Screenshot 2021-06-28 at 18.06.04.png","downloadURL":"https://firebasestorage.googleapis.com/v0/b/gitbook-28427.appspot.com/o/assets%2F-MdGvFHmKlZj8T-6N1BI%2F-MdI6duXwfifFivKYP-V%2F-MdIMk65Gw5FkTEoAIKq%2FScreenshot%202021-06-28%20at%2018.06.04.png?alt=media&token=535dbf25-459d-4aa3-9bd0-07ef07766d15","blobSize":82808,"createdAt":"2021-06-28T16:06:14.497Z","edits":{"contributions":{"P2vMdKk8gAO82dLZAScu6xkf7Wq1":{"createdAt":"2021-06-28T16:06:15.004Z","updatedAt":"2021-06-28T16:06:15.004Z","count":1}}},"github":null,"contentType":"image/png"},"-MdIOrH91A3Mnrv7FVan":{"uid":"-MdIOrH91A3Mnrv7FVan","name":"Screenshot 2021-06-28 at 18.12.49.png","downloadURL":"https://firebasestorage.googleapis.com/v0/b/gitbook-28427.appspot.com/o/assets%2F-MdGvFHmKlZj8T-6N1BI%2F-MdI6duXwfifFivKYP-V%2F-MdIOrH91A3Mnrv7FVan%2FScreenshot%202021-06-28%20at%2018.12.49.png?alt=media&token=f37bfbd6-cfa9-4bff-84d6-c0c61c7b8502","blobSize":34836,"createdAt":"2021-06-28T16:15:27.557Z","edits":{"contributions":{"P2vMdKk8gAO82dLZAScu6xkf7Wq1":{"createdAt":"2021-06-28T16:15:28.026Z","updatedAt":"2021-06-28T16:15:28.026Z","count":1}}},"github":null,"contentType":"image/png"},"-MdH-84RgB8DT-0Gt3Km":{"uid":"-MdH-84RgB8DT-0Gt3Km","name":"PHOTO-2021-06-28-11-38-04.jpg","downloadURL":"https://firebasestorage.googleapis.com/v0/b/gitbook-28427.appspot.com/o/assets%2F-MdGvFHmKlZj8T-6N1BI%2F-MdGzzgqUMzdUNomoq-O%2F-MdH-84RgB8DT-0Gt3Km%2FPHOTO-2021-06-28-11-38-04.jpg?alt=media&token=767bbabb-cd0f-47cc-b89e-6eeb560ac0dd","blobSize":27796,"createdAt":"2021-06-28T09:43:27.531Z","edits":{"contributions":{"P2vMdKk8gAO82dLZAScu6xkf7Wq1":{"createdAt":"2021-06-28T09:43:28.261Z","updatedAt":"2021-06-28T09:43:28.261Z","count":1}}},"github":null,"contentType":"image/jpeg"},"-MdI0CSBqmtvM0aH4-8u":{"uid":"-MdI0CSBqmtvM0aH4-8u","name":"Screenshot 2021-06-28 at 16.27.38.png","downloadURL":"https://firebasestorage.googleapis.com/v0/b/gitbook-28427.appspot.com/o/assets%2F-MdGvFHmKlZj8T-6N1BI%2F-MdHvi4qd_8_OEsR-k5z%2F-MdI0CSBqmtvM0aH4-8u%2FScreenshot%202021-06-28%20at%2016.27.38.png?alt=media&token=d3a26160-5108-4157-afd4-73ef16fad4de","blobSize":65125,"createdAt":"2021-06-28T14:27:44.784Z","edits":{"contributions":{"P2vMdKk8gAO82dLZAScu6xkf7Wq1":{"createdAt":"2021-06-28T14:27:45.328Z","updatedAt":"2021-06-28T14:27:45.328Z","count":1}}},"github":null,"contentType":"image/png"},"-MdHo7G_5Aci_PdOGxjn":{"uid":"-MdHo7G_5Aci_PdOGxjn","name":"standard-3.gif","downloadURL":"https://firebasestorage.googleapis.com/v0/b/gitbook-28427.appspot.com/o/assets%2F-MdGvFHmKlZj8T-6N1BI%2F-MdHNJ5DxDzBaW2O-wSI%2F-MdHo7G_5Aci_PdOGxjn%2Fstandard-3.gif?alt=media&token=777d68c8-f33d-40eb-958a-9fce30dc20da","blobSize":715468,"createdAt":"2021-06-28T13:30:36.872Z","edits":{"contributions":{"P2vMdKk8gAO82dLZAScu6xkf7Wq1":{"createdAt":"2021-06-28T13:30:37.396Z","updatedAt":"2021-06-28T13:30:37.396Z","count":1}}},"github":null,"contentType":"image/gif"},"-MdH-BR80fD3i4HxaU4j":{"uid":"-MdH-BR80fD3i4HxaU4j","name":"Screenshot 2021-06-28 at 11.34.37.png","downloadURL":"https://firebasestorage.googleapis.com/v0/b/gitbook-28427.appspot.com/o/assets%2F-MdGvFHmKlZj8T-6N1BI%2F-MdGzzgqUMzdUNomoq-O%2F-MdH-BR80fD3i4HxaU4j%2FScreenshot%202021-06-28%20at%2011.34.37.png?alt=media&token=4b69d6db-449b-4de1-a794-0edfac7dcfa3","blobSize":28584,"createdAt":"2021-06-28T09:43:41.080Z","edits":{"contributions":{"P2vMdKk8gAO82dLZAScu6xkf7Wq1":{"createdAt":"2021-06-28T09:43:41.600Z","updatedAt":"2021-06-28T09:43:41.600Z","count":1}}},"github":null,"contentType":"image/png"},"-MdM25HTjDLfzuvvH1Jd":{"uid":"-MdM25HTjDLfzuvvH1Jd","name":"Screenshot 2021-06-29 at 11.14.25.png","downloadURL":"https://firebasestorage.googleapis.com/v0/b/gitbook-28427.appspot.com/o/assets%2F-MdGvFHmKlZj8T-6N1BI%2F-MdLyqw7jy2rFGQeMT3k%2F-MdM25HTjDLfzuvvH1Jd%2FScreenshot%202021-06-29%20at%2011.14.25.png?alt=media&token=6a7fa2ee-5fce-4c2b-87b7-194e3007a7ed","blobSize":35257,"createdAt":"2021-06-29T09:14:28.449Z","edits":{"contributions":{"P2vMdKk8gAO82dLZAScu6xkf7Wq1":{"createdAt":"2021-06-29T09:14:29.087Z","updatedAt":"2021-06-29T09:14:29.087Z","count":1}}},"github":null,"contentType":"image/png"},"-MdHCTaWxZyGdVyia_Sc":{"uid":"-MdHCTaWxZyGdVyia_Sc","name":"Screenshot 2021-06-28 at 12.41.31.png","downloadURL":"https://firebasestorage.googleapis.com/v0/b/gitbook-28427.appspot.com/o/assets%2F-MdGvFHmKlZj8T-6N1BI%2F-MdHAKqhZm0w6OX6MHzp%2F-MdHCTaWxZyGdVyia_Sc%2FScreenshot%202021-06-28%20at%2012.41.31.png?alt=media&token=2da5b53e-1d39-4de9-b796-1a96dd92700a","blobSize":147550,"createdAt":"2021-06-28T10:41:43.815Z","edits":{"contributions":{"P2vMdKk8gAO82dLZAScu6xkf7Wq1":{"createdAt":"2021-06-28T10:41:44.281Z","updatedAt":"2021-06-28T10:41:44.281Z","count":1}}},"github":null,"contentType":"image/png"},"-MdLsGQpIVVq_Hvp5rdm":{"uid":"-MdLsGQpIVVq_Hvp5rdm","name":"Screenshot 2021-06-29 at 10.27.02.png","downloadURL":"https://firebasestorage.googleapis.com/v0/b/gitbook-28427.appspot.com/o/assets%2F-MdGvFHmKlZj8T-6N1BI%2F-MdLiqMzHrfWc_MxcxYQ%2F-MdLsGQpIVVq_Hvp5rdm%2FScreenshot%202021-06-29%20at%2010.27.02.png?alt=media&token=e49605b7-056e-43af-9d63-87c8bf0e69de","blobSize":61145,"createdAt":"2021-06-29T08:27:10.693Z","edits":{"contributions":{"P2vMdKk8gAO82dLZAScu6xkf7Wq1":{"createdAt":"2021-06-29T08:27:11.448Z","updatedAt":"2021-06-29T08:27:11.448Z","count":1}}},"github":null,"contentType":"image/png"},"-MdHHax7oIEqObUefgp7":{"uid":"-MdHHax7oIEqObUefgp7","name":"Screenshot 2021-06-28 at 13.04.03.png","downloadURL":"https://firebasestorage.googleapis.com/v0/b/gitbook-28427.appspot.com/o/assets%2F-MdGvFHmKlZj8T-6N1BI%2F-MdHHFvulbJ29Xw8yY06%2F-MdHHax7oIEqObUefgp7%2FScreenshot%202021-06-28%20at%2013.04.03.png?alt=media&token=9c58f150-96fb-4c56-9132-f63daae2f40e","blobSize":68213,"createdAt":"2021-06-28T11:04:10.673Z","edits":{"contributions":{"P2vMdKk8gAO82dLZAScu6xkf7Wq1":{"createdAt":"2021-06-28T11:04:11.347Z","updatedAt":"2021-06-28T11:04:11.347Z","count":1}}},"github":null,"contentType":"image/png"},"-MdMgK3d-vt6bMp9XIEd":{"uid":"-MdMgK3d-vt6bMp9XIEd","name":"Screenshot 2021-06-29 at 14.09.45.png","downloadURL":"https://firebasestorage.googleapis.com/v0/b/gitbook-28427.appspot.com/o/assets%2F-MdGvFHmKlZj8T-6N1BI%2F-MdMJFBMSgPsMopR3zpV%2F-MdMgK3d-vt6bMp9XIEd%2FScreenshot%202021-06-29%20at%2014.09.45.png?alt=media&token=7d1a1c46-f581-4077-a229-2314b98cb3c4","blobSize":36135,"createdAt":"2021-06-29T12:14:36.863Z","edits":{"contributions":{"P2vMdKk8gAO82dLZAScu6xkf7Wq1":{"createdAt":"2021-06-29T12:14:37.727Z","updatedAt":"2021-06-29T12:14:37.727Z","count":1}}},"github":null,"contentType":"image/png"},"-MdMrmDmLnvKcELk5uLU":{"uid":"-MdMrmDmLnvKcELk5uLU","name":"Screenshot 2021-06-29 at 15.04.07.png","downloadURL":"https://firebasestorage.googleapis.com/v0/b/gitbook-28427.appspot.com/o/assets%2F-MdGvFHmKlZj8T-6N1BI%2F-MdMqBN2JMrBh3QHabjN%2F-MdMrmDmLnvKcELk5uLU%2FScreenshot%202021-06-29%20at%2015.04.07.png?alt=media&token=237d350a-b24d-4b92-9de7-ce3cc2a9d7de","blobSize":25664,"createdAt":"2021-06-29T13:04:41.519Z","edits":{"contributions":{"P2vMdKk8gAO82dLZAScu6xkf7Wq1":{"createdAt":"2021-06-29T13:04:43.452Z","updatedAt":"2021-06-29T13:04:43.452Z","count":1}}},"github":null,"contentType":"image/png"},"-MdIOOCVm4QMrsrzmuWZ":{"uid":"-MdIOOCVm4QMrsrzmuWZ","name":"Screenshot 2021-06-28 at 18.13.01.png","downloadURL":"https://firebasestorage.googleapis.com/v0/b/gitbook-28427.appspot.com/o/assets%2F-MdGvFHmKlZj8T-6N1BI%2F-MdI6duXwfifFivKYP-V%2F-MdIOOCVm4QMrsrzmuWZ%2FScreenshot%202021-06-28%20at%2018.13.01.png?alt=media&token=1eb77f69-b72f-49c0-ba1e-1c30d81a7dfa","blobSize":159389,"createdAt":"2021-06-28T16:13:24.921Z","edits":{"contributions":{"P2vMdKk8gAO82dLZAScu6xkf7Wq1":{"createdAt":"2021-06-28T16:13:25.462Z","updatedAt":"2021-06-28T16:13:25.462Z","count":1}}},"github":null,"contentType":"image/png"},"-MdHK6jMcB2giTCyKniN":{"uid":"-MdHK6jMcB2giTCyKniN","name":"Screenshot 2021-06-28 at 13.14.57.png","downloadURL":"https://firebasestorage.googleapis.com/v0/b/gitbook-28427.appspot.com/o/assets%2F-MdGvFHmKlZj8T-6N1BI%2F-MdHHrW2WfqhasyYb9BZ%2F-MdHK6jMcB2giTCyKniN%2FScreenshot%202021-06-28%20at%2013.14.57.png?alt=media&token=852d3390-fc50-4a1a-b54f-ab88ac5c43ef","blobSize":59625,"createdAt":"2021-06-28T11:15:07.008Z","edits":{"contributions":{"P2vMdKk8gAO82dLZAScu6xkf7Wq1":{"createdAt":"2021-06-28T11:15:07.808Z","updatedAt":"2021-06-28T11:15:07.808Z","count":1}}},"github":null,"contentType":"image/png"},"-MdLtPBb770umih9AKrc":{"uid":"-MdLtPBb770umih9AKrc","name":"Screenshot 2021-06-29 at 10.32.05.png","downloadURL":"https://firebasestorage.googleapis.com/v0/b/gitbook-28427.appspot.com/o/assets%2F-MdGvFHmKlZj8T-6N1BI%2F-MdLiqMzHrfWc_MxcxYQ%2F-MdLtPBb770umih9AKrc%2FScreenshot%202021-06-29%20at%2010.32.05.png?alt=media&token=4d219441-4aac-4e9a-85bd-33fe053f6c2f","blobSize":29270,"createdAt":"2021-06-29T08:32:08.553Z","edits":{"contributions":{"P2vMdKk8gAO82dLZAScu6xkf7Wq1":{"createdAt":"2021-06-29T08:32:09.027Z","updatedAt":"2021-06-29T08:32:09.027Z","count":1}}},"github":null,"contentType":"image/png"},"-MdHH-Ss02CPj7JVPXJc":{"uid":"-MdHH-Ss02CPj7JVPXJc","name":"Screenshot 2021-06-28 at 13.01.20.png","downloadURL":"https://firebasestorage.googleapis.com/v0/b/gitbook-28427.appspot.com/o/assets%2F-MdGvFHmKlZj8T-6N1BI%2F-MdHCo6ivGrso1bCMemU%2F-MdHH-Ss02CPj7JVPXJc%2FScreenshot%202021-06-28%20at%2013.01.20.png?alt=media&token=4e4f7d8f-4ac4-409e-ad62-fc0fedf23459","blobSize":37496,"createdAt":"2021-06-28T11:01:32.293Z","edits":{"contributions":{"P2vMdKk8gAO82dLZAScu6xkf7Wq1":{"createdAt":"2021-06-28T11:01:33.361Z","updatedAt":"2021-06-28T11:01:33.361Z","count":1}}},"github":null,"contentType":"image/png"},"-MdLyQfrEKUm5N5iaaok":{"uid":"-MdLyQfrEKUm5N5iaaok","name":"Screenshot 2021-06-29 at 10.54.00.png","downloadURL":"https://firebasestorage.googleapis.com/v0/b/gitbook-28427.appspot.com/o/assets%2F-MdGvFHmKlZj8T-6N1BI%2F-MdLxfS_ybAfaPESUtOV%2F-MdLyQfrEKUm5N5iaaok%2FScreenshot%202021-06-29%20at%2010.54.00.png?alt=media&token=fd4449bb-e9fb-4ae7-8f60-7ba5d1e99f8b","blobSize":29557,"createdAt":"2021-06-29T08:54:05.401Z","edits":{"contributions":{"P2vMdKk8gAO82dLZAScu6xkf7Wq1":{"createdAt":"2021-06-29T08:54:05.965Z","updatedAt":"2021-06-29T08:54:05.965Z","count":1}}},"github":null,"contentType":"image/png"},"-MdHCC5SNeHCci5x1UUg":{"uid":"-MdHCC5SNeHCci5x1UUg","name":"Screenshot 2021-06-28 at 12.40.17.png","downloadURL":"https://firebasestorage.googleapis.com/v0/b/gitbook-28427.appspot.com/o/assets%2F-MdGvFHmKlZj8T-6N1BI%2F-MdHAKqhZm0w6OX6MHzp%2F-MdHCC5SNeHCci5x1UUg%2FScreenshot%202021-06-28%20at%2012.40.17.png?alt=media&token=a35984fd-dfff-4e82-b3e0-b8f207e5b7d9","blobSize":87587,"createdAt":"2021-06-28T10:40:32.632Z","edits":{"contributions":{"P2vMdKk8gAO82dLZAScu6xkf7Wq1":{"createdAt":"2021-06-28T10:40:33.397Z","updatedAt":"2021-06-28T10:40:33.397Z","count":1}}},"github":null,"contentType":"image/png"},"-MdHNGVIquFp-mSEaSHZ":{"uid":"-MdHNGVIquFp-mSEaSHZ","name":"Screenshot 2021-06-28 at 13.28.20.png","downloadURL":"https://firebasestorage.googleapis.com/v0/b/gitbook-28427.appspot.com/o/assets%2F-MdGvFHmKlZj8T-6N1BI%2F-MdHLbyDHpCGUT1HPlON%2F-MdHNGVIquFp-mSEaSHZ%2FScreenshot%202021-06-28%20at%2013.28.20.png?alt=media&token=4c8cfaac-a69a-4367-9d0f-603d174c53e6","blobSize":135204,"createdAt":"2021-06-28T11:28:58.421Z","edits":{"contributions":{"P2vMdKk8gAO82dLZAScu6xkf7Wq1":{"createdAt":"2021-06-28T11:28:58.943Z","updatedAt":"2021-06-28T11:28:58.943Z","count":1}}},"github":null,"contentType":"image/png"},"-MdMhErv_nWCpHHIroX2":{"uid":"-MdMhErv_nWCpHHIroX2","name":"Screenshot 2021-06-29 at 13.57.46.png","downloadURL":"https://firebasestorage.googleapis.com/v0/b/gitbook-28427.appspot.com/o/assets%2F-MdGvFHmKlZj8T-6N1BI%2F-MdMJFBMSgPsMopR3zpV%2F-MdMhErv_nWCpHHIroX2%2FScreenshot%202021-06-29%20at%2013.57.46.png?alt=media&token=04dc1492-89bb-4781-ae25-67d3c5e041d1","blobSize":38435,"createdAt":"2021-06-29T12:18:38.272Z","edits":{"contributions":{"P2vMdKk8gAO82dLZAScu6xkf7Wq1":{"createdAt":"2021-06-29T12:18:38.878Z","updatedAt":"2021-06-29T12:18:38.878Z","count":1}}},"github":null,"contentType":"image/png"},"-MdIqmyCpZKIf4uCpnoW":{"uid":"-MdIqmyCpZKIf4uCpnoW","name":"Screenshot 2021-06-28 at 20.20.41.png","downloadURL":"https://firebasestorage.googleapis.com/v0/b/gitbook-28427.appspot.com/o/assets%2F-MdGvFHmKlZj8T-6N1BI%2F-MdITuWLHeEkQJyIYkEX%2F-MdIqmyCpZKIf4uCpnoW%2FScreenshot%202021-06-28%20at%2020.20.41.png?alt=media&token=6596cfd1-1de6-4bb7-a46b-15f91cc29e41","blobSize":28791,"createdAt":"2021-06-28T18:21:51.968Z","edits":{"contributions":{"P2vMdKk8gAO82dLZAScu6xkf7Wq1":{"createdAt":"2021-06-28T18:21:52.595Z","updatedAt":"2021-06-28T18:21:52.595Z","count":1}}},"github":null,"contentType":"image/png"},"-MdLwJlK2k_-5wsjeqxH":{"uid":"-MdLwJlK2k_-5wsjeqxH","name":"Screenshot 2021-06-29 at 10.44.46.png","downloadURL":"https://firebasestorage.googleapis.com/v0/b/gitbook-28427.appspot.com/o/assets%2F-MdGvFHmKlZj8T-6N1BI%2F-MdLvChDTUasHEfWlKy5%2F-MdLwJlK2k_-5wsjeqxH%2FScreenshot%202021-06-29%20at%2010.44.46.png?alt=media&token=0905f4c0-0b68-4e0d-8030-0c9a9818342c","blobSize":35762,"createdAt":"2021-06-29T08:44:52.911Z","edits":{"contributions":{"P2vMdKk8gAO82dLZAScu6xkf7Wq1":{"createdAt":"2021-06-29T08:44:53.394Z","updatedAt":"2021-06-29T08:44:53.394Z","count":1}}},"github":null,"contentType":"image/png"},"-MdLyWjGx4fz9YWV3mYd":{"uid":"-MdLyWjGx4fz9YWV3mYd","name":"Screenshot 2021-06-29 at 10.54.26.png","downloadURL":"https://firebasestorage.googleapis.com/v0/b/gitbook-28427.appspot.com/o/assets%2F-MdGvFHmKlZj8T-6N1BI%2F-MdLxfS_ybAfaPESUtOV%2F-MdLyWjGx4fz9YWV3mYd%2FScreenshot%202021-06-29%20at%2010.54.26.png?alt=media&token=b336c963-65e4-450d-84d7-048cf51446a1","blobSize":27951,"createdAt":"2021-06-29T08:54:30.424Z","edits":{"contributions":{"P2vMdKk8gAO82dLZAScu6xkf7Wq1":{"createdAt":"2021-06-29T08:54:30.950Z","updatedAt":"2021-06-29T08:54:30.950Z","count":1}}},"github":null,"contentType":"image/png"},"-MdMs9-Kpf35aq_QHwNo":{"uid":"-MdMs9-Kpf35aq_QHwNo","name":"Screenshot 2021-06-29 at 15.03.51.png","downloadURL":"https://firebasestorage.googleapis.com/v0/b/gitbook-28427.appspot.com/o/assets%2F-MdGvFHmKlZj8T-6N1BI%2F-MdMqBN2JMrBh3QHabjN%2F-MdMs9-Kpf35aq_QHwNo%2FScreenshot%202021-06-29%20at%2015.03.51.png?alt=media&token=80fd0bdd-251e-4c5f-aefd-f4d19c892ac6","blobSize":25025,"createdAt":"2021-06-29T13:06:17.213Z","edits":{"contributions":{"P2vMdKk8gAO82dLZAScu6xkf7Wq1":{"createdAt":"2021-06-29T13:06:17.768Z","updatedAt":"2021-06-29T13:06:17.768Z","count":1}}},"github":null,"contentType":"image/png"},"-MdITFcCN3u5Aw1IXKs-":{"uid":"-MdITFcCN3u5Aw1IXKs-","name":"Screenshot 2021-06-28 at 18.33.03.png","downloadURL":"https://firebasestorage.googleapis.com/v0/b/gitbook-28427.appspot.com/o/assets%2F-MdGvFHmKlZj8T-6N1BI%2F-MdI6duXwfifFivKYP-V%2F-MdITFcCN3u5Aw1IXKs-%2FScreenshot%202021-06-28%20at%2018.33.03.png?alt=media&token=24f20fa7-565c-4838-a69b-db03da8739fd","blobSize":43100,"createdAt":"2021-06-28T16:34:40.467Z","edits":{"contributions":{"P2vMdKk8gAO82dLZAScu6xkf7Wq1":{"createdAt":"2021-06-28T16:34:41.113Z","updatedAt":"2021-06-28T16:34:41.113Z","count":1}}},"github":null,"contentType":"image/png"},"-MdH7O1Ka46wGz1PRLQs":{"uid":"-MdH7O1Ka46wGz1PRLQs","name":"Screenshot 2021-06-28 at 12.19.05.png","downloadURL":"https://firebasestorage.googleapis.com/v0/b/gitbook-28427.appspot.com/o/assets%2F-MdGvFHmKlZj8T-6N1BI%2F-MdH2NTdAlEd4bggoZQk%2F-MdH7O1Ka46wGz1PRLQs%2FScreenshot%202021-06-28%20at%2012.19.05.png?alt=media&token=7ad1bd0a-5c49-4aec-83e3-2b2473aaf630","blobSize":35842,"createdAt":"2021-06-28T10:19:30.953Z","edits":{"contributions":{"P2vMdKk8gAO82dLZAScu6xkf7Wq1":{"createdAt":"2021-06-28T10:19:31.594Z","updatedAt":"2021-06-28T10:19:31.594Z","count":1}}},"github":null,"contentType":"image/png"},"-MdHt0TO_kTtHJz5CazP":{"uid":"-MdHt0TO_kTtHJz5CazP","name":"Screenshot 2021-06-28 at 15.51.49.png","downloadURL":"https://firebasestorage.googleapis.com/v0/b/gitbook-28427.appspot.com/o/assets%2F-MdGvFHmKlZj8T-6N1BI%2F-MdHssHBp-2jnBY5wi7I%2F-MdHt0TO_kTtHJz5CazP%2FScreenshot%202021-06-28%20at%2015.51.49.png?alt=media&token=4ee9e905-7a73-4237-8be7-7025337acbe9","blobSize":50000,"createdAt":"2021-06-28T13:51:58.353Z","edits":{"contributions":{"P2vMdKk8gAO82dLZAScu6xkf7Wq1":{"createdAt":"2021-06-28T13:51:58.920Z","updatedAt":"2021-06-28T13:51:58.920Z","count":1}}},"github":null,"contentType":"image/png"},"-MdH1bxM6iD-aoHPQbm8":{"uid":"-MdH1bxM6iD-aoHPQbm8","name":"Screenshot 2021-06-28 at 11.53.06.png","downloadURL":"https://firebasestorage.googleapis.com/v0/b/gitbook-28427.appspot.com/o/assets%2F-MdGvFHmKlZj8T-6N1BI%2F-MdH-mS1zEHamUGdYhQH%2F-MdH1bxM6iD-aoHPQbm8%2FScreenshot%202021-06-28%20at%2011.53.06.png?alt=media&token=73299770-39b9-4595-bb5e-6e3400138728","blobSize":30332,"createdAt":"2021-06-28T09:54:18.741Z","edits":{"contributions":{"P2vMdKk8gAO82dLZAScu6xkf7Wq1":{"createdAt":"2021-06-28T09:54:19.296Z","updatedAt":"2021-06-28T09:54:19.296Z","count":1}}},"github":null,"contentType":"image/png"},"-MdLuHrUU6VNrs2JSyfI":{"uid":"-MdLuHrUU6VNrs2JSyfI","name":"Screenshot 2021-06-29 at 10.35.56.png","downloadURL":"https://firebasestorage.googleapis.com/v0/b/gitbook-28427.appspot.com/o/assets%2F-MdGvFHmKlZj8T-6N1BI%2F-MdLiqMzHrfWc_MxcxYQ%2F-MdLuHrUU6VNrs2JSyfI%2FScreenshot%202021-06-29%20at%2010.35.56.png?alt=media&token=a58085fd-0022-46dd-9efd-ab21a5b771ab","blobSize":28709,"createdAt":"2021-06-29T08:36:03.371Z","edits":{"contributions":{"P2vMdKk8gAO82dLZAScu6xkf7Wq1":{"createdAt":"2021-06-29T08:36:04.274Z","updatedAt":"2021-06-29T08:36:04.274Z","count":1}}},"github":null,"contentType":"image/png"},"-MdH1m8zwcxXwCTF-laO":{"uid":"-MdH1m8zwcxXwCTF-laO","name":"Screenshot 2021-06-28 at 11.54.46.png","downloadURL":"https://firebasestorage.googleapis.com/v0/b/gitbook-28427.appspot.com/o/assets%2F-MdGvFHmKlZj8T-6N1BI%2F-MdH-mS1zEHamUGdYhQH%2F-MdH1m8zwcxXwCTF-laO%2FScreenshot%202021-06-28%20at%2011.54.46.png?alt=media&token=82c073a2-34cb-4a3e-a5bb-1ce992c98d5d","blobSize":92363,"createdAt":"2021-06-28T09:55:01.016Z","edits":{"contributions":{"P2vMdKk8gAO82dLZAScu6xkf7Wq1":{"createdAt":"2021-06-28T09:55:01.679Z","updatedAt":"2021-06-28T09:55:01.679Z","count":1}}},"github":null,"contentType":"image/png"},"-MdLslgR1ZXY9wV96huF":{"uid":"-MdLslgR1ZXY9wV96huF","name":"Screenshot 2021-06-29 at 10.29.19.png","downloadURL":"https://firebasestorage.googleapis.com/v0/b/gitbook-28427.appspot.com/o/assets%2F-MdGvFHmKlZj8T-6N1BI%2F-MdLiqMzHrfWc_MxcxYQ%2F-MdLslgR1ZXY9wV96huF%2FScreenshot%202021-06-29%20at%2010.29.19.png?alt=media&token=257898d7-eb02-42e7-ad05-62973270ace8","blobSize":48521,"createdAt":"2021-06-29T08:29:23.352Z","edits":{"contributions":{"P2vMdKk8gAO82dLZAScu6xkf7Wq1":{"createdAt":"2021-06-29T08:29:24.141Z","updatedAt":"2021-06-29T08:29:24.141Z","count":1}}},"github":null,"contentType":"image/png"},"-MdHq85AH9i_arG_CWww":{"uid":"-MdHq85AH9i_arG_CWww","name":"Screenshot 2021-06-28 at 15.39.10.png","downloadURL":"https://firebasestorage.googleapis.com/v0/b/gitbook-28427.appspot.com/o/assets%2F-MdGvFHmKlZj8T-6N1BI%2F-MdHNJ5DxDzBaW2O-wSI%2F-MdHq85AH9i_arG_CWww%2FScreenshot%202021-06-28%20at%2015.39.10.png?alt=media&token=d0409c52-0404-4d3b-8dae-e8bd65a69c7e","blobSize":50075,"createdAt":"2021-06-28T13:39:23.273Z","edits":{"contributions":{"P2vMdKk8gAO82dLZAScu6xkf7Wq1":{"createdAt":"2021-06-28T13:39:23.790Z","updatedAt":"2021-06-28T13:39:23.790Z","count":1}}},"github":null,"contentType":"image/png"},"-MdMfcPF1_hHm7Itfbtt":{"uid":"-MdMfcPF1_hHm7Itfbtt","name":"Screenshot 2021-06-29 at 13.48.27.png","downloadURL":"https://firebasestorage.googleapis.com/v0/b/gitbook-28427.appspot.com/o/assets%2F-MdGvFHmKlZj8T-6N1BI%2F-MdMJFBMSgPsMopR3zpV%2F-MdMfcPF1_hHm7Itfbtt%2FScreenshot%202021-06-29%20at%2013.48.27.png?alt=media&token=1b2af370-20f4-4c05-a150-e335a253533a","blobSize":25935,"createdAt":"2021-06-29T12:11:33.974Z","edits":{"contributions":{"P2vMdKk8gAO82dLZAScu6xkf7Wq1":{"createdAt":"2021-06-29T12:11:34.528Z","updatedAt":"2021-06-29T12:11:34.528Z","count":1}}},"github":null,"contentType":"image/png"},"-MdMfxcDcLzvl-vJc6C9":{"uid":"-MdMfxcDcLzvl-vJc6C9","name":"Screenshot 2021-06-29 at 13.48.41.png","downloadURL":"https://firebasestorage.googleapis.com/v0/b/gitbook-28427.appspot.com/o/assets%2F-MdGvFHmKlZj8T-6N1BI%2F-MdMJFBMSgPsMopR3zpV%2F-MdMfxcDcLzvl-vJc6C9%2FScreenshot%202021-06-29%20at%2013.48.41.png?alt=media&token=66e7619a-ae58-4f8c-a118-b7b1bc81f137","blobSize":26569,"createdAt":"2021-06-29T12:13:00.722Z","edits":{"contributions":{"P2vMdKk8gAO82dLZAScu6xkf7Wq1":{"createdAt":"2021-06-29T12:13:01.267Z","updatedAt":"2021-06-29T12:13:01.267Z","count":1}}},"github":null,"contentType":"image/png"},"-MdIMzPxdDO5atezzi-5":{"uid":"-MdIMzPxdDO5atezzi-5","name":"Screenshot 2021-06-28 at 18.07.08.png","downloadURL":"https://firebasestorage.googleapis.com/v0/b/gitbook-28427.appspot.com/o/assets%2F-MdGvFHmKlZj8T-6N1BI%2F-MdI6duXwfifFivKYP-V%2F-MdIMzPxdDO5atezzi-5%2FScreenshot%202021-06-28%20at%2018.07.08.png?alt=media&token=1ad4a6f6-850b-4a0e-b541-5fb500ff4f52","blobSize":63477,"createdAt":"2021-06-28T16:07:16.466Z","edits":{"contributions":{"P2vMdKk8gAO82dLZAScu6xkf7Wq1":{"createdAt":"2021-06-28T16:07:16.994Z","updatedAt":"2021-06-28T16:07:16.994Z","count":1}}},"github":null,"contentType":"image/png"}},"github":[],"rollbackOf":null}