{"uid":"-MdGvFHmKlZj8T-6N1BI","name":"Hexa Bot","baseName":"hexa-bot","ownerID":"P2vMdKk8gAO82dLZAScu6xkf7Wq1","isPrivate":false,"isUnlisted":false,"hasJWT":null,"secretToken":null,"createdAt":"2021-06-28T09:22:05.618Z","createdBy":"P2vMdKk8gAO82dLZAScu6xkf7Wq1","logoURL":"https://firebasestorage.googleapis.com/v0/b/gitbook-28427.appspot.com/o/spaces%2F-MdGvFHmKlZj8T-6N1BI%2Favatar-1624890820060.png?generation=1624890820796069&alt=media","fullLogoURL":null,"emoji":null,"colorPrimary":"#B1B8FA","headerTheme":"light","font":null,"locale":null,"primaryRevision":"-MdMqBN2JMrBh3QHabjN","algoliaAPIKey":"MTJiNzBhNmZjOWNlOWViZDhkMjllMGZjODlhNGYyZmU2Yzg0NWRkNDhiYjA4ODNlYzJmOTI0NmVkMjExNTQzNWZpbHRlcnM9LU1kR3ZGSG1LbFpqOFQtNk4xQkk=","customDomain":null,"links":[{"title":"Hexa Bot Invite","href":"https://discord.com/oauth2/authorize?client_id=$clientid&scope=bot+applications.commands&permissions=1479928934","pageID":null},{"title":"Support Server","href":"https://discord.gg/Z2eMtzcdTM","pageID":null}],"hasGitHubSync":false,"editOnGitHub":null,"googleAnalyticsID":null,"intercomID":null,"hasPageRating":true,"hasPDFExport":false,"edits":{"contributions":{"P2vMdKk8gAO82dLZAScu6xkf7Wq1":{"createdAt":"2021-06-28T09:22:05.618Z","updatedAt":"2021-06-29T13:10:49.064Z","count":29}}},"indexedRevision":"-MdMqBN2JMrBh3QHabjN"}