{"format_version":1,"document":{"kind":"document","key":"6c0b0d48490e46cfa854d9e93b56596c","data":{"schema_version":6},"nodes":[{"kind":"block","type":"image","key":"10f25244268348c681f7aa5d7c52c4a6","isVoid":true,"data":{"assetID":"-MdHo7G_5Aci_PdOGxjn","caption":"Hexa Bot's banner!"},"nodes":[{"kind":"text","key":"8e4bcf796eeb43a1bc16a6ca7e192e96","ranges":[{"kind":"range","marks":[],"text":""}]}]},{"kind":"block","type":"paragraph","key":"5a72ae02d0d545308e57d178da1da4c3","isVoid":false,"data":{},"nodes":[{"kind":"text","key":"26843a0932894c9aa634f5f57c95b5a0","ranges":[{"kind":"range","marks":[],"text":""}]}]}]}}