{"format_version":1,"document":{"kind":"document","key":"0c53896032a740c2893b367411916b6a","data":{"schema_version":6},"nodes":[{"kind":"block","type":"paragraph","key":"ee9a12fc69964aaa94e52eb34263ddfc","isVoid":false,"data":{},"nodes":[{"kind":"text","key":"dbc760df2ad341659cc14b833e596094","ranges":[{"kind":"range","marks":[],"text":""}]}]},{"kind":"block","type":"image","key":"cf6508313b10425fa2653609713b096e","isVoid":true,"data":{"assetID":"-MdH7O1Ka46wGz1PRLQs","caption":"An example of what this command can do.","align":"center"},"nodes":[{"kind":"text","key":"d3c4e09f9c9246229a17e305f3de1714","ranges":[{"kind":"range","marks":[],"text":""}]}]}]}}