{"format_version":1,"document":{"kind":"document","key":"6c0b0d48490e46cfa854d9e93b56596c","data":{"schema_version":6},"nodes":[{"kind":"block","type":"hint","key":"0e00731b292c4a429ba25793c960ce97","isVoid":false,"data":{"style":"warning"},"nodes":[{"kind":"block","type":"paragraph","key":"fcdb14b8b13a4481aa32efcfd7f5a45a","isVoid":false,"data":{},"nodes":[{"kind":"text","key":"76b7a6b9bbce4ead96e68a9189adb691","ranges":[{"kind":"range","marks":[],"text":"When a lot of letters are used the output will look broken, short messages are recommended."}]}]}]},{"kind":"block","type":"image","key":"9459ba44a4c54e8c903cbcca4344930e","isVoid":true,"data":{"assetID":"-MdIqmyCpZKIf4uCpnoW","caption":"An example of what this command does."},"nodes":[{"kind":"text","key":"cdc5f843c2d341a79f26c3fd8d69903e","ranges":[{"kind":"range","marks":[],"text":""}]}]},{"kind":"block","type":"paragraph","key":"3523b40a62994b209b4b8ce30408d306","isVoid":false,"data":{},"nodes":[{"kind":"text","key":"81bd5ac3d31e4ba585c8d6fd7ea41ce4","ranges":[{"kind":"range","marks":[],"text":""}]}]}]}}