{"format_version":1,"document":{"kind":"document","key":"566866204df04beda045163de3730e92","data":{"schema_version":6},"nodes":[{"kind":"block","type":"heading-2","key":"4d73bd271a234711ba964356b6081405","isVoid":false,"data":{},"nodes":[{"kind":"text","key":"68b45ca123e84320abbf3fb6610ffe49","ranges":[{"kind":"range","marks":[],"text":"What the heck is a Hexa Bot?"}]}]},{"kind":"block","type":"heading-1","key":"95c5a60850844f4faa1b808e70f5a0dc","isVoid":false,"data":{},"nodes":[{"kind":"text","key":"d47113561d5b4f49b221a2716bfab609","ranges":[{"kind":"range","marks":[],"text":"Hexa bot is the new Multipurpose Bot tailored to all of your needs! From an economy system all the way to moderation and emoji commands, Hexa Bot will keep you entertained all the way through!"}]}]}]}}