{"format_version":1,"document":{"kind":"document","key":"0c53896032a740c2893b367411916b6a","data":{"schema_version":6},"nodes":[{"kind":"block","type":"hint","key":"6227edfef58e4391aa1e81b9e0784f13","isVoid":false,"data":{"style":"warning"},"nodes":[{"kind":"block","type":"paragraph","key":"3dddd489ed2246198f782be6bc4aabbf","isVoid":false,"data":{},"nodes":[{"kind":"text","key":"fd9f0d92ff8f4e69a3bf31912f3d1068","ranges":[{"kind":"range","marks":[],"text":"This command is the manual chatbot, this means you'll have to use H-chat each time before you talk to the bot."}]}]}]},{"kind":"block","type":"image","key":"b13b8df6b24a4c08b9e18a9c776ff608","isVoid":true,"data":{"assetID":"-MdH20HVlVw3aozQiRW7","caption":"An example on what the chatbot does."},"nodes":[{"kind":"text","key":"292c3b16805a45bf8cfc32a51026c6a5","ranges":[{"kind":"range","marks":[],"text":""}]}]},{"kind":"block","type":"paragraph","key":"487e9c7c4f1a4453b50f17577933eb2c","isVoid":false,"data":{},"nodes":[{"kind":"text","key":"53b667c2f3614aa7acbba5ce8279dd91","ranges":[{"kind":"range","marks":[],"text":""}]}]}]}}