{"format_version":1,"document":{"kind":"document","key":"6c0b0d48490e46cfa854d9e93b56596c","data":{"schema_version":6},"nodes":[{"kind":"block","type":"paragraph","key":"c608fd2093c14da6bc444d2da4aca464","isVoid":false,"data":{},"nodes":[{"kind":"text","key":"28410a945f814a5d966ee8f3742bb05e","ranges":[{"kind":"range","marks":[],"text":""}]}]},{"kind":"block","type":"hint","key":"4bff71794452411db77ab83dc161ce5c","isVoid":false,"data":{"style":"info"},"nodes":[{"kind":"block","type":"paragraph","key":"8d891892a35f4d4792eed1c29e5b245e","isVoid":false,"data":{},"nodes":[{"kind":"text","key":"b1187b0369d24de88b2d37b7e3b36dd4","ranges":[{"kind":"range","marks":[],"text":"The bot will pick a random number between 1 and 100 and will.give you a hint which is also between 1 and 100, is the actual number higher, lower or the same as the hint? "}]}]}]},{"kind":"block","type":"image","key":"165ce920740944afbb9ac8188d7643fe","isVoid":true,"data":{"assetID":"-MdHK6jMcB2giTCyKniN","caption":"An example of what this command does."},"nodes":[{"kind":"text","key":"6f9ca91f5b5041c5a92f8a45a470d5a4","ranges":[{"kind":"range","marks":[],"text":""}]}]}]}}