{"format_version":1,"document":{"kind":"document","key":"6c0b0d48490e46cfa854d9e93b56596c","data":{"schema_version":6},"nodes":[{"kind":"block","type":"image","key":"88478675bc4648e69c89ebb2c1256bd1","isVoid":true,"data":{"assetID":"-MdHNGVIquFp-mSEaSHZ"},"nodes":[{"kind":"text","key":"19b449c3ea7544f187b4fe3ef4da5bc7","ranges":[{"kind":"range","marks":[],"text":""}]}]},{"kind":"block","type":"hint","key":"3510b178e18542f687c46639b8136a84","isVoid":false,"data":{"style":"info"},"nodes":[{"kind":"block","type":"paragraph","key":"d6986ce0f127489a88d4b14e969461a6","isVoid":false,"data":{},"nodes":[{"kind":"text","key":"b368d0233b0a4bfe967456229aa2dd67","ranges":[{"kind":"range","marks":[],"text":"A different user's avatar was used in the example shown here because it isn't clearly visible on white images."}]}]}]},{"kind":"block","type":"paragraph","key":"5a72ae02d0d545308e57d178da1da4c3","isVoid":false,"data":{},"nodes":[{"kind":"text","key":"26843a0932894c9aa634f5f57c95b5a0","ranges":[{"kind":"range","marks":[],"text":""}]}]}]}}