{"format_version":1,"document":{"kind":"document","key":"0c53896032a740c2893b367411916b6a","data":{"schema_version":6},"nodes":[{"kind":"block","type":"hint","key":"a4e1b44382814fa69d3fafc8b7394db6","isVoid":false,"data":{"style":"info"},"nodes":[{"kind":"block","type":"paragraph","key":"615379bd511a49538ab675fc58c0c449","isVoid":false,"data":{},"nodes":[{"kind":"text","key":"6a06bf5f7d6e41a783a795252a166055","ranges":[{"kind":"range","marks":[],"text":"This command uses multiple JSON requests, this means the output takes a bit longer than most other commands to be sent."}]}]}]},{"kind":"block","type":"image","key":"d90092a1077a45f79c5809bcdc43e96b","isVoid":true,"data":{"assetID":"-MdHCTaWxZyGdVyia_Sc","caption":"An example of what this command can output."},"nodes":[{"kind":"text","key":"c270cb4e6e5d43f38993343cdfc108de","ranges":[{"kind":"range","marks":[],"text":""}]}]}]}}