{"format_version":1,"document":{"kind":"document","key":"a03019913b5d42aeb007c5cb06bebc59","data":{"schema_version":6},"nodes":[{"kind":"block","type":"paragraph","key":"5c6e43fa6ed7456c97aa7b3172cbd977","isVoid":false,"data":{},"nodes":[{"kind":"text","key":"734107f2e1df49c3967a651d279802e6","ranges":[{"kind":"range","marks":[],"text":"We have scowered all over the internet to find the best API's for you to enjoy, these fun commands will keep you entertained all the way through!"}]}]},{"kind":"block","type":"paragraph","key":"8b5a8234cf9c4751b540b8c6dd2b801f","isVoid":false,"data":{},"nodes":[{"kind":"text","key":"37c34bc5e8e94c2098fc9b33d4b57c5e","ranges":[{"kind":"range","marks":[],"text":""}]}]}]}}