{"format_version":1,"document":{"kind":"document","key":"3053fa2d695b4ae9b6915219340335ff","data":{"schema_version":6},"nodes":[{"kind":"block","type":"paragraph","key":"35efe850848d430da2aa113715284842","isVoid":false,"data":{},"nodes":[{"kind":"text","key":"712bec7d092f478bbab75ffada703cfa","ranges":[{"kind":"range","marks":[],"text":"The Hexa Leveling system is also quite extraordinary compared to some others, why? You have the freedom to change the backdrop of your rank card! However this is limited to a few pre-chosen images, this is done to prevent abuse of the system."}]}]},{"kind":"block","type":"heading-1","key":"1124dfd4e1214ba5bd53db84ee3081cf","isVoid":false,"data":{},"nodes":[{"kind":"text","key":"90358756beda4aa4be8f60b667a4f384","ranges":[{"kind":"range","marks":[],"text":"How do I enable the Leveling System?"}]}]},{"kind":"block","type":"paragraph","key":"b3bed974870c4dbfb33dc1c99bb12bd9","isVoid":false,"data":{},"nodes":[{"kind":"text","key":"d2ffa1255c9d48f9b76a2eded2d46fc8","ranges":[{"kind":"range","marks":[],"text":"To enable leveling is pretty simple, all you'll have to do is run"},{"kind":"range","marks":[{"kind":"mark","data":{},"type":"bold"}],"text":" H-enable leveling "},{"kind":"range","marks":[],"text":"and then you're done!"}]}]},{"kind":"block","type":"heading-1","key":"80c7f7fe88fe4100adc677c1c93ccc8e","isVoid":false,"data":{},"nodes":[{"kind":"text","key":"13bf13e83c424438a45b916f7dfa03a3","ranges":[{"kind":"range","marks":[],"text":"Will we able able to apply our own images to the rank card backdrop in the future?"}]}]},{"kind":"block","type":"paragraph","key":"eb76f54789f8481da1678ae0cb50e2bd","isVoid":false,"data":{},"nodes":[{"kind":"text","key":"c5f069b151a140529361dce1cf738397","ranges":[{"kind":"range","marks":[],"text":"As of now we are not planning on doing so, however if we get enough requests for it we might consider adding it."}]}]},{"kind":"block","type":"paragraph","key":"89295e10b3d4453d9e182d4cd48107e9","isVoid":false,"data":{},"nodes":[{"kind":"text","key":"c37bbac8c8244c35a987e6c50cb6587c","ranges":[{"kind":"range","marks":[],"text":""}]}]}]}}