{"format_version":1,"document":{"kind":"document","key":"cb3811a60a4e4c2bb64454597e0da78b","data":{"schema_version":6},"nodes":[{"kind":"block","type":"hint","key":"be9fc11de774416d83985a632591324e","isVoid":false,"data":{"style":"info"},"nodes":[{"kind":"block","type":"paragraph","key":"7d0bcb1e0ba64230994875646ea727d0","isVoid":false,"data":{},"nodes":[{"kind":"text","key":"3dd70d43eeaf4e328de4d13506d31d9e","ranges":[{"kind":"range","marks":[],"text":"If you don't provide the name of one of our pre-made backdrops Hexa Bot will send an image containing the available backdrops."}]}]}]},{"kind":"block","type":"image","key":"5eacb465c72747019c5b57ba75ce84c2","isVoid":true,"data":{"assetID":"-MdIOOCVm4QMrsrzmuWZ","caption":"The pre-made backdrop list."},"nodes":[{"kind":"text","key":"cf6743068a2540bcad4990d34e70e974","ranges":[{"kind":"range","marks":[],"text":""}]}]},{"kind":"block","type":"image","key":"7cd20157589d42d5b6bfd8cd56260393","isVoid":true,"data":{"assetID":"-MdIOrH91A3Mnrv7FVan","caption":"How changing the backdrop looks."},"nodes":[{"kind":"text","key":"424ae46a208c4c40863f241ca6ab46a1","ranges":[{"kind":"range","marks":[],"text":""}]}]},{"kind":"block","type":"image","key":"d3787897de654c8fa0ea5012f02222d6","isVoid":true,"data":{"assetID":"-MdIMk65Gw5FkTEoAIKq","caption":"How a customized backdrop can look."},"nodes":[{"kind":"text","key":"01556bb0c19c4eb1aed95cdb6254f801","ranges":[{"kind":"range","marks":[],"text":""}]}]},{"kind":"block","type":"paragraph","key":"8181f70aaaf646d7893eabb930cad23b","isVoid":false,"data":{},"nodes":[{"kind":"text","key":"51df7112c69441c39193eafa0b771403","ranges":[{"kind":"range","marks":[],"text":""}]}]}]}}