{"format_version":1,"document":{"kind":"document","key":"cb3811a60a4e4c2bb64454597e0da78b","data":{"schema_version":6},"nodes":[{"kind":"block","type":"hint","key":"ec686395a90f44dfba763ae0fe33ba92","isVoid":false,"data":{"style":"info"},"nodes":[{"kind":"block","type":"paragraph","key":"158e76196d0e4b21914a8cffe7565001","isVoid":false,"data":{},"nodes":[{"kind":"text","key":"39a2d2d53df84890a206c208868638cc","ranges":[{"kind":"range","marks":[],"text":"This command is specifically designed to work perfectly for anyone, you can use it to add an emoji by using a url by running H-upload <URL> <emoji name>.\nYou can also use it by sending an image as an attachment by running H-upload <emoji name> (while also attaching an image to the message)."}]}]}]},{"kind":"block","type":"image","key":"d989b4b6fbec4c1b9bffe7bce35b77d9","isVoid":true,"data":{"assetID":"-MdLsGQpIVVq_Hvp5rdm","caption":"An example of how the command works when using a URL."},"nodes":[{"kind":"text","key":"6ae246243aeb4fd3ac62501cb2a713b7","ranges":[{"kind":"range","marks":[],"text":""}]}]},{"kind":"block","type":"image","key":"ff47790a09014127b067d9a29946acc3","isVoid":true,"data":{"assetID":"-MdLslgR1ZXY9wV96huF","caption":"An example on how the command works when using an image attachment."},"nodes":[{"kind":"text","key":"b10b8cd5361040fab50c58310722b8d8","ranges":[{"kind":"range","marks":[],"text":""}]}]}]}}