{"format_version":1,"document":{"kind":"document","key":"a03019913b5d42aeb007c5cb06bebc59","data":{"schema_version":6},"nodes":[{"kind":"block","type":"hint","key":"862520d17b7249718bb410b869072c75","isVoid":false,"data":{"style":"info"},"nodes":[{"kind":"block","type":"paragraph","key":"526bfa38600547f296db735f3253d88a","isVoid":false,"data":{},"nodes":[{"kind":"text","key":"55e04ddf714c434783d774ef29813392","ranges":[{"kind":"range","marks":[],"text":"You can delete an emoji with this command in two ways.\nYou can use the emoji name by simply running H-deleteemoji <emoji name>.\nYou can use the emoji itself by running H-deleteemoji <emoji>."}]}]}]},{"kind":"block","type":"image","key":"ab5feac4077f4fa0a698ac706d5ca74f","isVoid":true,"data":{"assetID":"-MdLtPBb770umih9AKrc","caption":"An example of how this command works when using the emoji name."},"nodes":[{"kind":"text","key":"41000c6913e344d08de96d08ba1075a6","ranges":[{"kind":"range","marks":[],"text":""}]}]},{"kind":"block","type":"image","key":"ad9328810f1a4c1d9705bddda2ef1125","isVoid":true,"data":{"assetID":"-MdLuHrUU6VNrs2JSyfI","caption":"An example of how this command works when using the emoji itself."},"nodes":[{"kind":"text","key":"f2540280625845828026ad7542c9e4fd","ranges":[{"kind":"range","marks":[],"text":""}]}]}]}}