{"format_version":1,"document":{"kind":"document","key":"a03019913b5d42aeb007c5cb06bebc59","data":{"schema_version":6},"nodes":[{"kind":"block","type":"hint","key":"2068cde97c544b5e9fb86dd3855666ab","isVoid":false,"data":{"style":"danger"},"nodes":[{"kind":"block","type":"paragraph","key":"bc5d0c9bd49d4c08b32fed990eea7733","isVoid":false,"data":{},"nodes":[{"kind":"text","key":"c8f9eac584564b9c9d091d6e19a7eb73","ranges":[{"kind":"range","marks":[],"text":"Nitro is needed for this command."}]}]}]},{"kind":"block","type":"image","key":"997bce8f4b474350b9eb59b16ca84390","isVoid":true,"data":{"assetID":"-MdM25HTjDLfzuvvH1Jd","caption":"An example of how this command works."},"nodes":[{"kind":"text","key":"06d88a0336174c23a03a94a13c64eea9","ranges":[{"kind":"range","marks":[],"text":""}]}]}]}}