{"format_version":1,"document":{"kind":"document","key":"a03019913b5d42aeb007c5cb06bebc59","data":{"schema_version":6},"nodes":[{"kind":"block","type":"paragraph","key":"80268b7ba44f410da091b47cdb553256","isVoid":false,"data":{},"nodes":[{"kind":"text","key":"41b8a584df5844f5b38522b1fe894d85","ranges":[{"kind":"range","marks":[],"text":"As you would expect the Misc Module contains all the commands that did not need their own category!"}]}]},{"kind":"block","type":"tabs","key":"002c77b4207641608146a6453007ceb6","isVoid":false,"data":{},"nodes":[{"kind":"block","type":"tabs-item","key":"ab1d167211d64674aabfc2c4f0244df2","isVoid":false,"data":{"title":"Welcome"},"nodes":[{"kind":"block","type":"heading-1","key":"228fd88e323548d9ac2dde1789f65d71","isVoid":false,"data":{},"nodes":[{"kind":"text","key":"9ff15e6ef0a743838275d9f9941ed5c5","ranges":[{"kind":"range","marks":[],"text":"Enabling and Disabling the Logs:"}]}]},{"kind":"block","type":"paragraph","key":"0ae5ba843bed4b53a7344ccafb8110a0","isVoid":false,"data":{},"nodes":[{"kind":"text","key":"24f403152c5d4a8e8927d62215be7dc6","ranges":[{"kind":"range","marks":[],"text":"The welcome Logs are enabled by simply running "},{"kind":"range","marks":[{"kind":"mark","data":{},"type":"bold"}],"text":"H-enable welcome"},{"kind":"range","marks":[],"text":" in the channel you want them enabled."}]}]},{"kind":"block","type":"image","key":"d2a76916f9b74923a3767a563487ee15","isVoid":true,"data":{"assetID":"-MdMfcPF1_hHm7Itfbtt","caption":"How enabling the Welcome Logs looks."},"nodes":[{"kind":"text","key":"f33eb5f8926b4f589cd6b779cbd74257","ranges":[{"kind":"range","marks":[],"text":""}]}]},{"kind":"block","type":"paragraph","key":"df00437f07eb46c2b09d13e5cdcefc52","isVoid":false,"data":{},"nodes":[{"kind":"text","key":"7867b03ae03a4f0f82a44d3ea21801cb","ranges":[{"kind":"range","marks":[],"text":""}]}]},{"kind":"block","type":"paragraph","key":"450f1e2a6881481c922ad585a3ad2726","isVoid":false,"data":{},"nodes":[{"kind":"text","key":"c0f5fbb213b84d6bb5755c6fa0eec58f","ranges":[{"kind":"range","marks":[],"text":"To disable the Welcome Logs just simply run "},{"kind":"range","marks":[{"kind":"mark","data":{},"type":"bold"}],"text":"H-disable welcome"},{"kind":"range","marks":[],"text":" in the channel you enabled it in and then it's disabled!"}]}]},{"kind":"block","type":"image","key":"d8263a57fbc64a7e9032edd7a2917f6e","isVoid":true,"data":{"assetID":"-MdMfxcDcLzvl-vJc6C9","caption":"How disabling the Welcome Logs looks."},"nodes":[{"kind":"text","key":"10945d0653754885a26b9e578e5e479a","ranges":[{"kind":"range","marks":[],"text":""}]}]},{"kind":"block","type":"heading-1","key":"a514a597498b4ca4b02e0002f25e256b","isVoid":false,"data":{},"nodes":[{"kind":"text","key":"f1d9f5b6f4ab49b389d463cc7bd00e01","ranges":[{"kind":"range","marks":[],"text":"The Welcome Logs themselves:"}]}]},{"kind":"block","type":"image","key":"bb90d725805d4f73a4f0ff5e53ccd08b","isVoid":true,"data":{"assetID":"-MdMhErv_nWCpHHIroX2","caption":"How the welcome message looks."},"nodes":[{"kind":"text","key":"7b8d96438b15431dbcc0aa9ae9cfd477","ranges":[{"kind":"range","marks":[],"text":""}]}]},{"kind":"block","type":"image","key":"d488f02c42974ae7b0d2322bb538b930","isVoid":true,"data":{"assetID":"-MdMgK3d-vt6bMp9XIEd","caption":"How the goodbye message looks."},"nodes":[{"kind":"text","key":"a30da1b15de6429ba72b44d91cb35c7c","ranges":[{"kind":"range","marks":[],"text":""}]}]}]},{"kind":"block","type":"tabs-item","key":"7781154812e8412292032933301bff87","isVoid":false,"data":{"title":"Logs"},"nodes":[{"kind":"block","type":"heading-1","key":"f58f1daae16147508ecdb0c861ca71ee","isVoid":false,"data":{},"nodes":[{"kind":"text","key":"5656de6fe52e4e809df37c821931679c","ranges":[{"kind":"range","marks":[],"text":"Enabling and Disabling the Message Logs:"}]}]},{"kind":"block","type":"image","key":"8aad1bf8340a44c7b2453a6e8925b9f8","isVoid":true,"data":{"assetID":"-MdMs9-Kpf35aq_QHwNo","caption":"How enabling the Message Logs looks."},"nodes":[{"kind":"text","key":"4b56f73f257446558b5e8baa8b55f8e6","ranges":[{"kind":"range","marks":[],"text":""}]}]},{"kind":"block","type":"image","key":"ec05c3f355064bc4b893eb072c98185b","isVoid":true,"data":{"assetID":"-MdMrmDmLnvKcELk5uLU","caption":"How disabling the Message Logs looks."},"nodes":[{"kind":"text","key":"977f323bca714253a2f5520c6f5ec245","ranges":[{"kind":"range","marks":[],"text":""}]}]},{"kind":"block","type":"heading-1","key":"c561b27f6e354270a720b1fcca7e3779","isVoid":false,"data":{},"nodes":[{"kind":"text","key":"eb73fe1db51b406ea8d2485c1d5c4f75","ranges":[{"kind":"range","marks":[],"text":"What Message Logs you receive:"}]}]},{"kind":"block","type":"list-unordered","key":"db9745065287400ba5a3016d1bd68a2a","isVoid":false,"data":{},"nodes":[{"kind":"block","type":"list-item","key":"596ca59b19954974b8bde19944f505d6","isVoid":false,"data":{},"nodes":[{"kind":"block","type":"paragraph","key":"16962b7679194bc7b246134365200ae8","isVoid":false,"data":{},"nodes":[{"kind":"text","key":"713cb8882bdb402a87b53bae53fdaf34","ranges":[{"kind":"range","marks":[],"text":""}]}]}]}]}]}]},{"kind":"block","type":"paragraph","key":"8b5a8234cf9c4751b540b8c6dd2b801f","isVoid":false,"data":{},"nodes":[{"kind":"text","key":"37c34bc5e8e94c2098fc9b33d4b57c5e","ranges":[{"kind":"range","marks":[],"text":""}]}]}]}}